,log(p),g(k-1),Threshold,Time to cancer
0,-6.08502843747727,3.66991842211627,3,7.33972602739726
1,-6.94724336152339,3.52582470207394,4,24.6547945205479
2,-7.67161583192688,6.97892876800996,6,77.4986301369863
3,-6.10230855892919,2.50128728991002,4,18.9753424657534
4,-6.76876410820284,0.836495558546666,2,31.2986301369863
5,-6.12310448825011,2.94813137493531,5,35.8575342465753
6,-6.75477281286632,3.9706945109472,5,27.2054794520548
7,-6.77107617193121,1.73913222692122,3,36.5260273972603
8,-7.20704441031327,1.29694690951494,2,7.63561643835616
9,-6.17025498935595,0.819058364982181,2,9.39452054794521
10,-6.50441280412148,3.82497672621448,6,61.8301369863014
11,-6.21955065416548,3.5140728145635,2,7.19178082191781
12,-6.33168282752247,5.05115071240847,7,63.3342465753425
13,-6.83956874617669,2.21847435081715,3,24.6383561643836
14,-6.75251843597682,2.49888007971712,5,63.3479452054795
15,-6.62178469200201,2.29527282698249,7,90.3369863013699
16,-6.95491768455992,5.70942208432619,4,23.3041095890411
17,-6.24239379214718,4.72971254212869,4,9.37808219178082
18,-6.86302710913941,6.96511945789269,4,11.8438356164384
19,-6.27459125376517,3.66988474393326,4,18.7369863013699
20,-6.3095610171836,2.06879031832086,2,7.58356164383562
21,-6.5765193426158,2.95662926076508,7,95.5616438356164
22,-6.33634535601124,8.08306929598416,4,7.95068493150685
23,-6.75471567062927,8.39904412367451,7,55.9232876712329
24,-6.27593368939512,6.14334977864089,6,46.0493150684932
25,-6.22125933582622,4.5175971490371,7,63.5123287671233
26,-6.44808482275963,3.62768070592698,7,98.0191780821918
27,-6.19224607612835,1.28473728584744,3,45.1342465753425
28,-6.51717646859743,2.46211119947367,4,28.6602739726027
29,-6.40804571354521,2.24132453611988,6,64.5780821917808
30,-6.12323942464312,2.42395143175405,7,92.5972602739726
31,-6.36573639085679,2.25235975436953,3,9.42191780821918
32,-6.44280702301348,2.44607445583765,3,9.23561643835616
33,-6.18233433477386,5.27354970562156,9,84.4493150684932
34,-6.18792623103288,1.96653959334096,6,81.1890410958904
35,-6.15135941726227,2.02895446494578,3,8.64109589041096
36,-7.12108555870334,5.35163577005848,2,7.61643835616438
37,-6.36744349068376,3.34834269934404,5,39.7232876712329
38,-6.25595511575377,4.03058718329994,6,51.3780821917808
39,-6.19082108340115,2.60211946561308,4,9.73424657534247
40,-6.25726527400843,2.56146316349725,4,10.5260273972603
41,-7.13858207776765,4.47894842097564,5,56.2109589041096
42,-6.15584128279669,4.54851546504834,2,4.92328767123288
43,-6.18016520411453,3.19018245579058,8,61.6465753424658
44,-6.60367455017872,4.43849755976567,5,45.0876712328767
45,-6.27881754427671,3.574398272822,2,5.4
46,-6.31083511480848,2.64881106848546,3,11.2520547945205
47,-6.15038901980184,3.4038142712477,7,53.5178082191781
48,-6.28384969801261,3.18831624363514,4,14.5315068493151
49,-6.82777541548103,0.9757138141898,2,8.61369863013699
50,-6.31542862943531,3.50456078104605,4,17.3917808219178
51,-6.19180016721624,4.75219383251404,3,7.35068493150685
52,-7.39568547905886,2.03373652967412,4,68.8986301369863
53,-6.33171618319482,7.4270850992322,8,62.3671232876712
54,-6.54818360039728,3.31872932278522,3,10.5013698630137
55,-6.35373921869376,8.30471830960813,2,5.03835616438356
56,-6.28102282985574,3.40856043627726,3,7.82739726027397
57,-6.30031997251656,1.82876702450769,2,8.01095890410959
58,-6.54997406266645,1.67739925330087,4,80.3643835616438
59,-6.19756653014244,1.49943183331857,5,94.0657534246575
60,-6.7303929208568,6.00609681388768,7,86.5945205479452
61,-6.23814271279393,5.12494959766096,3,6.80547945205479
62,-6.62335062252647,1.80185534617996,3,31.2082191780822
63,-6.55062056553939,3.12921314484852,6,55.4684931506849
64,-6.08325704477193,1.83664565361383,4,28.4958904109589
65,-6.25393171010768,2.85099468194508,4,22.7945205479452
66,-6.27266364846978,8.27712125916445,6,32.7397260273973
67,-6.26934238109506,2.57161516673249,2,5.93972602739726
68,-6.26861579986527,2.93382160516753,6,52.358904109589
69,-6.16435843418332,5.24878540511714,6,31.2739726027397
70,-6.4251445831131,2.11717494723006,4,33.5698630136986
71,-6.11930909306875,2.49474175338261,4,23.9698630136986
72,-6.47900568849561,2.13015116763929,5,48.8246575342466
73,-6.45054018776423,2.15883453241609,4,33.8383561643836
74,-7.35004233736577,2.23932851450629,2,8.85479452054794
75,-6.17229316980863,4.62330069755331,7,57.6191780821918
76,-6.34243748868125,3.16399878453979,7,92.3808219178082
77,-6.47878278287904,4.47004823329497,6,46.213698630137
78,-6.26825727513454,4.35217697252615,2,6.41643835616438
79,-6.12203690115969,2.84290608613387,7,86.3260273972603
80,-6.35057829453014,2.87246355392385,4,22.9972602739726
81,-6.11298023757089,1.15844914086258,3,55.5534246575343
82,-6.63449730129163,3.65553922824881,5,52.5835616438356
83,-6.16467566715871,7.34175622785767,9,80.6958904109589
84,-6.12057639075431,4.19838332704721,3,8.04657534246575
85,-6.29588426025878,9.39504292488877,9,74.8602739726027
86,-6.30208083412005,6.29174411346559,7,51.6109589041096
87,-6.42447561138503,5.1737197285365,3,7.9013698630137
88,-6.21857083164351,4.7661337510562,7,42.0767123287671
89,-6.39315146691181,4.98965527181616,2,5.13972602739726
90,-6.61957294837895,2.95884510622332,4,38.1178082191781
91,-6.98109580931505,5.79402188933592,2,6.21369863013699
92,-6.8846673075316,2.30145325134428,3,19.3534246575342
93,-6.0934383997408,4.95501936593188,3,6.70958904109589
94,-6.55296238308346,1.89200837833744,4,40.6657534246575
95,-7.35971820609889,1.83269479045785,4,97.3643835616438
96,-6.34194214295419,4.12118934324304,7,56.7369863013699
97,-6.20941774901223,2.0486702248334,4,33.1479452054795
98,-6.95312713383542,2.31681263169916,2,8.31232876712329
99,-6.4116742721489,4.28861187298993,8,99.3260273972603
100,-6.08363773714098,2.28911969391909,4,24.827397260274
101,-6.7384064568711,5.63027424615964,4,17.0465753424658
102,-6.57450343877937,1.26460595290184,2,9.56438356164384
103,-6.11603092782354,2.6370929170141,4,16.4109589041096
104,-6.30228177038609,1.93482948523081,4,53.6821917808219
105,-6.31813398100977,4.02397940239646,2,6.58082191780822
106,-6.65308627437802,2.65321333219336,2,7.13150684931507
107,-6.52852664724019,4.43177837712102,7,62.3068493150685
108,-6.13783173710435,2.95870317304242,4,18.172602739726
109,-6.4265292705674,1.16151513795606,3,66.4739726027397
110,-6.51098434881666,4.60268157024822,2,5.67123287671233
111,-6.172863321847,2.53847989810298,6,55.841095890411
112,-6.27206431439591,4.73447321835812,2,6.47945205479452
113,-7.04968269326295,1.81796565400509,2,8.63561643835616
114,-6.26092782024705,3.58810159543255,5,40.6493150684932
115,-6.09568273908133,2.51820484673425,6,60.9369863013699
116,-6.35301068756216,2.40535247609303,2,6.02739726027397
117,-6.13872624179717,1.64268430197482,4,53.7561643835616
118,-6.51732218361151,3.2093058281088,2,7.08767123287671
119,-6.48799719885277,4.45457529478512,4,26.2493150684931
120,-6.31579618114852,2.53298136055238,2,7.46027397260274
121,-6.40490599654864,2.80858856835047,5,43.3397260273973
122,-6.38764189914061,2.74785381522914,4,30.158904109589
123,-6.1983505299094,3.46964965890558,5,31.2438356164384
124,-7.27778232754972,5.18581752241714,3,14.4082191780822
125,-6.1771653481729,1.36147806653465,2,7.46301369863014
126,-6.61357039694497,1.68351561182641,3,9.91506849315068
127,-6.09893249474609,5.55402048996317,9,63.6219178082192
128,-7.37970662487146,1.17155622864616,2,13.7945205479452
129,-6.72099040700705,1.30740532712142,2,12.1041095890411
130,-6.21688195749286,3.02750287101172,4,18.4027397260274
131,-6.70483529739311,2.87718234962689,6,57.0904109589041
132,-6.5036188194884,1.46263278297808,2,8.69315068493151
133,-6.13502145718865,1.61913910718537,5,72.4575342465753
134,-6.27032297811987,4.61067796403146,2,6.34246575342466
135,-6.21929417391451,1.90767096863051,2,7.78904109589041
136,-6.22271048177215,4.52368145042549,4,22.6465753424658
137,-6.26113528052766,3.17206214481131,4,20.2547945205479
138,-6.3417107398823,7.76384685217751,4,8.01917808219178
139,-6.17114363667358,4.31203436820798,7,53.1671232876712
140,-6.64892172631026,3.88827884320386,2,6.6027397260274
141,-6.09596799524852,5.29675953966005,5,19.2438356164384
142,-6.23828325859938,1.7690472120346,3,16.013698630137
143,-6.65760512274918,2.51456305339869,6,98.2465753424657
144,-6.33218662997771,2.01427549940193,2,7.99452054794521
145,-6.21752715149331,1.72287127125298,5,82.9808219178082
146,-6.19998792747645,4.77446085644126,4,8.48493150684932
147,-6.25742004808941,4.50067071895608,7,52.1698630136986
148,-6.2005252402561,2.53836830265963,3,10.0219178082192
149,-8.43766962925008,3.24023421160224,3,43.4547945205479
150,-6.25267943242887,3.12557500424887,5,32.8849315068493
151,-6.75760954185965,1.14128072680633,2,9.23835616438356
152,-6.78118665065569,1.71700236327135,3,30.1479452054795
153,-6.76562009484893,3.33414380314421,6,61.6520547945205
154,-6.28557599674585,3.31859028947623,8,85.1205479452055
155,-7.45197356531655,6.21822706558239,3,9.38630136986301
156,-6.22269358266208,3.25920394423477,7,64.1835616438356
157,-7.80242251938257,5.23584022616291,3,10.3780821917808
158,-6.21739995734038,7.74808956801467,4,7.2054794520548
159,-6.53697439755136,4.62508392189745,8,86.3068493150685
160,-6.58669614445495,6.80189283225318,3,7.12054794520548
161,-6.08133806703489,1.37896710584373,2,6.53150684931507
162,-6.33697936425159,5.0517999596052,4,16.2383561643836
163,-6.58727478897995,5.15691729889041,3,8.53150684931507
164,-6.34467158255947,3.5375490871237,6,43.3397260273973
165,-6.28169007678618,5.63714166354725,6,43.9068493150685
166,-6.27703177819342,1.84657216775997,5,62.7972602739726
167,-6.13701222228011,3.86978639507431,4,12.0383561643836
168,-6.13343245304178,4.11568566822552,3,8.47671232876712
169,-7.89388520816456,2.58332438501977,2,11.1561643835616
170,-7.53355244951369,1.55721360260925,2,10.1561643835616
171,-6.68153732732159,2.36579791027289,4,39.2630136986301
172,-7.67500100098722,3.47443606949165,3,21.6356164383562
173,-6.12051399758831,2.02803443994048,5,43.7452054794521
174,-6.12165338590392,3.36078628261853,4,10.0931506849315
175,-6.22170522754038,1.67827379163303,3,16.6493150684932
176,-6.65869406518861,2.80102650727144,2,6.31232876712329
177,-6.459026641318,3.68414998917371,3,8.65753424657534
178,-7.59415105726316,2.58407821500098,5,79.5808219178082
179,-6.11594534896914,3.18258635813963,7,81.5205479452055
180,-6.39677508101266,2.1574271021673,6,89.6191780821918
181,-6.25195932765058,4.65825356938424,7,58.6712328767123
182,-6.6814964869681,2.23306971173628,5,84.3287671232877
183,-6.13618312599155,1.11545496861993,3,52.2739726027397
184,-6.28598233493732,2.51249347095334,4,18.2328767123288
185,-6.10275062244397,4.83090759912553,4,14.4575342465753
186,-6.15219800358596,5.52501567222605,4,14.427397260274
187,-6.55094904995051,3.6013461280715,7,74.6931506849315
188,-6.91226289727879,0.919243351583356,2,12.1123287671233
189,-6.09367179529271,2.98376118240376,2,6.76164383561644
190,-6.38785343381485,5.24851024507097,5,18.5013698630137
191,-6.17458233758185,2.59050939351066,3,9.84109589041096
192,-6.15692830559572,4.47966279299234,2,5.92054794520548
193,-6.13346082064051,1.34682824903395,4,70.9972602739726
194,-6.50370935630495,3.34625535793506,6,58.1671232876712
195,-6.17453965359753,4.91360128776595,4,10.3315068493151
196,-7.81031196495001,3.6716108041718,2,7.82191780821918
197,-6.17428819952097,4.76330385917407,2,5.12602739726027
198,-6.94034702117757,2.32057545120313,5,74.1287671232877
199,-6.36621085281521,5.574754909942,2,6.06027397260274
200,-6.80435228674097,5.85903670935932,6,55.7095890410959
201,-6.20728491733691,2.93337117894762,2,5.31232876712329
202,-6.78368712620849,5.02941599296552,6,53.7369863013699
203,-6.24090443029979,2.91672267421431,7,72.5945205479452
204,-6.22758036068162,1.70100988290097,4,50.2328767123288
205,-6.6266260565672,2.45063167806858,3,19.0082191780822
206,-6.6816911179991,1.74438636256025,3,36.6739726027397
207,-6.75458586652723,2.24682263919551,3,19.9123287671233
208,-6.12269735397631,1.67685963780444,2,6.61095890410959
209,-6.57360866193469,4.13632483461266,6,69.8
210,-6.274028155643,2.49988505708102,5,40.8931506849315
211,-6.09734801208707,1.50807705905891,5,71.5561643835617
212,-7.11534035202528,6.44392373735237,7,82.4219178082192
213,-6.11276870099289,3.1090568926678,6,51.6246575342466
214,-6.24823353881101,5.92860940280419,7,50.6739726027397
215,-6.1254823457243,1.60155988499236,5,69.9972602739726
216,-6.35893526415705,1.43999342235787,4,88.641095890411
217,-6.24260023593963,1.2220549338595,2,7.74794520547945
218,-6.21541521662278,5.9265663434536,4,19.9205479452055
219,-6.17500098580156,4.72984425943462,5,19.8493150684932
220,-6.92445821182399,6.56400277776141,4,17.5123287671233
221,-7.51414477043508,6.23179316092938,6,77.9780821917808
222,-7.06877575268302,3.43454645476218,3,15.3041095890411
223,-6.46089352451183,3.32254662710498,2,6.49315068493151
224,-6.15586910447141,2.01672207813441,6,63.2630136986301
225,-6.64353260389408,1.65581478818177,3,9.67945205479452
226,-6.51586505369593,3.90163161313697,4,14.1780821917808
227,-6.44556680069064,3.9958205859577,6,43.6712328767123
228,-6.48351688768079,4.68937517756246,2,5.27123287671233
229,-6.15155767558248,1.76505168181445,5,71.9205479452055
230,-6.1296720525647,2.80661518174179,7,76.8849315068493
231,-6.17794009105951,1.93950808504015,5,69.4684931506849
232,-6.17635341157133,5.78459766249091,4,8.68219178082192
233,-6.08131583084279,5.62677152287819,2,3.54520547945205
234,-6.23520198156328,2.0314198043757,2,7.75616438356164
235,-6.15617770774241,1.85930902176721,5,79.8876712328767
236,-6.32618389559437,1.85342808583797,4,54.1643835616438
237,-6.83276717103639,2.84942809207549,2,7.38904109589041
238,-6.69839349401193,2.81482588322438,2,7.33424657534247
239,-6.12908236990736,7.47554995857648,7,45.3315068493151
240,-6.11125162554905,1.20682094879035,2,7.04109589041096
241,-6.2168059034755,2.00398857998123,4,11.841095890411
242,-7.71123903162345,2.59859939158584,2,9.32054794520548
243,-6.47460333278533,1.71596994708518,4,54.0109589041096
244,-6.18917554637134,0.604841873565315,3,19.358904109589
245,-6.42594934512552,4.86346585071699,3,7.99178082191781
246,-6.53809104595609,3.51077662916946,3,8.37534246575343
247,-6.18895487453635,2.87866378399418,4,16.1068493150685
248,-6.17213702813313,0.639681576350888,2,10.4356164383562
249,-6.53966073348916,3.5179051072541,3,9.6027397260274
250,-6.26401378695419,3.47023219250616,8,93.0082191780822
251,-7.12053137306169,1.54795279679167,2,8.75890410958904
252,-6.57075261081994,1.5874048383074,2,7.61095890410959
253,-6.0890307114152,3.66203996925917,3,7.23287671232877
254,-6.19628037043209,4.07321259824934,3,8.12876712328767
255,-6.51881240252234,2.8990116216441,6,76.3616438356164
256,-6.17299658023453,4.43773356865487,3,7.96438356164384
257,-6.41856332765058,4.4488827112541,7,60.9287671232877
258,-6.16761134078705,6.62727948541159,2,5.57534246575342
259,-6.1994749492109,1.60059866029932,2,7.34246575342466
260,-6.88713149740391,3.13589154499753,4,27.6191780821918
261,-6.19027605476439,1.92747617691113,4,43.2109589041096
262,-6.61551203312785,5.97481875360185,4,16.6986301369863
263,-6.46489257928138,3.26801220644644,7,63.7534246575343
264,-6.43560237170752,2.54829004085867,7,95.1945205479452
265,-6.2031502660633,2.14041050693217,4,23.5232876712329
266,-6.19479189428381,3.41268417183289,6,43.1479452054795
267,-6.91751777989393,4.63179748178523,5,46.4520547945206
268,-6.39699208063961,1.38942986377417,3,34.3479452054795
269,-6.11472630756564,2.51806286941461,4,35.3753424657534
270,-6.31953909371828,1.51070184047524,3,31.8383561643836
271,-6.68441169572041,2.72154247260233,5,50.0301369863014
272,-6.26372222367198,1.17005758416852,2,7.76986301369863
273,-6.61441833552571,4.32446121963186,2,5.77808219178082
274,-6.25744265473586,4.09890706336367,7,64.7260273972603
275,-6.98840885288821,3.44635766388899,2,7.00821917808219
276,-6.08812539381222,1.4523657015804,3,31.3753424657534
277,-6.20497730789896,2.17306875091857,4,21.6520547945205
278,-6.50946842489231,4.95606603530988,7,83.8986301369863
279,-6.68012019470356,1.93950757990651,5,85.9780821917808
280,-6.31797001410325,5.92112187117975,4,11.0904109589041
281,-6.16563107573187,4.9153778173205,2,5.54794520547945
282,-6.39062096861947,1.1148550420112,2,8.76986301369863
283,-6.46235934937863,6.425974217805,6,44.0684931506849
284,-6.33130781070707,1.99827580938505,3,10.1917808219178
285,-6.79264589418818,3.74598845370863,7,83.9178082191781
286,-6.54616903006521,2.2821039879771,4,46.4383561643836
287,-7.37554219951358,1.33448914761208,2,10.1068493150685
288,-6.22995233998592,1.15762486162439,2,8.16438356164384
289,-6.86049557778729,3.72204282091645,7,98.6438356164384
290,-6.22306697715692,4.68582628119817,7,54.4931506849315
291,-6.20201267762748,1.5827185455213,3,8.61369863013699
292,-6.67920331238462,5.30753490361758,5,29.5397260273973
293,-6.13858118560221,5.3149853985081,9,68.3698630136986
294,-6.23195424923011,3.46950290236889,2,5.43013698630137
295,-6.32117571076275,3.90534017680091,3,6.7972602739726
296,-6.19614745620118,3.57280665673485,4,23.0109589041096
297,-6.41636512939187,5.65556095179646,5,30.558904109589
298,-6.392239361422,0.615285694323322,2,16.5917808219178
299,-6.41515542658913,5.74075709953101,6,56.7835616438356
300,-6.2264350801837,5.4354285698532,9,99.4191780821918
301,-6.3846969084684,4.10948859486858,6,44.7397260273973
302,-6.47931436432404,1.2824711080157,3,63.213698630137
303,-6.26804803099507,3.77454254809219,2,5.91780821917808
304,-6.09714729062523,4.18926597164503,6,35.6301369863014
305,-6.29668544055387,0.597204143957307,2,11.4246575342466
306,-6.91366389883507,4.98098558326081,6,68.0794520547945
307,-6.46994480923392,3.90447468807111,2,6.6958904109589
308,-6.49386681125206,1.43956357137964,4,95.3287671232877
309,-6.41711609327137,3.73920882628672,4,21.4356164383562
310,-6.12845609508619,3.80477661568212,8,87.9506849315069
311,-6.09600440526132,2.13360626375633,7,81.2438356164384
312,-7.02594336522509,6.4317675918781,7,66.1534246575342
313,-6.21636564008188,4.07493212974956,4,14.1232876712329
314,-6.61256754737502,1.12105117676777,2,8.07397260273973
315,-6.35544834266604,4.69573130956109,2,5.65205479452055
316,-6.21624173755993,3.0973407854882,3,8.73424657534247
317,-6.57576872807573,2.84554614291147,5,44.772602739726
318,-6.79822783754346,4.03244950045464,4,16.3095890410959
319,-7.05681642890938,6.54122059664733,7,94.2082191780822
320,-6.10236076535511,4.80018387908496,9,98.1671232876712
321,-6.17633912403151,1.6813833053818,3,28.0547945205479
322,-6.3904862763076,2.1027915096206,3,12.3616438356164
323,-7.38140109599439,2.41333921223486,3,34.4904109589041
324,-6.13380528602904,2.14628337214357,4,28.4767123287671
325,-6.75111784909057,2.04818397635707,5,93.8684931506849
326,-6.61829466018969,0.803481588339356,2,41.4520547945206
327,-6.46516337867709,3.13069764789054,4,20.7452054794521
328,-6.40260195964855,3.37390568045509,4,19.7287671232877
329,-6.34698938736091,3.8351933294101,4,14.7095890410959
330,-6.13132793487145,4.91319425195484,4,9.37808219178082
331,-6.34976657064563,5.22936649450259,9,58.3123287671233
332,-6.19587819318661,0.901486647276099,2,9.94246575342466
333,-6.26311629295612,1.76168943047412,2,7.20821917808219
334,-6.28488304281833,0.289462489836585,2,10.0931506849315
335,-6.32174574739975,6.22413142651427,7,45.7041095890411
336,-6.08639813710159,3.31128823850928,6,42.0657534246575
337,-6.73871982443596,2.99924248609574,4,27.358904109589
338,-6.0828808378322,4.63233863888324,2,5.42739726027397
339,-6.65587252738217,2.51876512122576,4,44.7452054794521
340,-7.13131289188062,4.94905417288561,3,7.49315068493151
341,-6.31681208085729,5.35185667938586,5,25.2712328767123
342,-6.51600709194081,3.18122600789519,6,64.1753424657534
343,-6.16418320558809,2.75738874551989,8,93.654794520548
344,-6.21290210693626,3.87744486162253,6,38.5780821917808
345,-6.3089973621553,1.72965313880415,4,42.4849315068493
346,-6.88835328889869,3.47443445025869,2,8.23835616438356
347,-6.09772357893293,1.85717536583361,3,19.7068493150685
348,-6.16056608038349,3.76343593091599,7,60.4794520547945
349,-6.35608273386031,4.79222026934788,8,74.8602739726027
350,-6.18028309503812,1.9235113662159,2,5.88493150684932
351,-6.86558406358503,3.67442930170365,3,9.4958904109589
352,-6.16937475504458,5.26324104454434,3,6.98630136986301
353,-6.42868051020908,5.23717277308643,2,5.47397260273973
354,-7.02665481637775,1.91604493049825,3,35.7452054794521
355,-6.33596529860845,3.33877226683234,5,28.2082191780822
356,-7.00967481010788,2.41356087292311,4,54.4958904109589
357,-6.25438672773047,2.07589980996905,6,85.2575342465753
358,-6.18754238182765,1.69395613172187,3,8.43013698630137
359,-6.48031937475545,2.13914649920571,5,60.0438356164384
360,-6.10512157644197,5.04570707418984,7,33.3616438356164
361,-7.09830631753842,3.30753270285189,5,63.8356164383562
362,-6.08305078029804,2.08563207016517,2,6.97808219178082
363,-7.86300061224874,4.16019781826708,5,84.1753424657534
364,-6.40129041058007,5.182137814865,6,36.3397260273973
365,-6.39354927524746,2.02033548879974,2,7.59178082191781
366,-6.28671397593017,4.19165056262815,7,59.7561643835616
367,-6.20654446071067,2.5031526968993,6,62.5534246575342
368,-6.48113534216727,1.57171477253632,4,77.4493150684932
369,-6.37912363792517,4.34390648521894,4,24.3808219178082
370,-6.08725838286544,4.36748150428239,4,12.4328767123288
371,-6.67849524960492,3.16020839033251,7,81.8821917808219
372,-6.26940861368656,3.52189813733276,6,45.5479452054795
373,-6.36927297641411,2.17413091504996,5,59.4027397260274
374,-6.26316835455631,3.91152394754558,3,7.96986301369863
375,-6.15848766595176,4.94851140859294,3,7.0054794520548
376,-6.32686615341781,2.56686901650173,4,14.972602739726
377,-6.32751142019861,2.74490549920879,3,8.45753424657534
378,-6.25168111689456,4.84498171276993,4,11.9041095890411
379,-6.41203603554824,5.65307841843573,2,6.03287671232877
380,-6.28881629846998,7.83565786755663,4,8.18630136986301
381,-6.0948268298255,3.60281094544385,8,99.6246575342466
382,-6.57472661084077,4.45629373333085,6,54.7698630136986
383,-6.39190039847368,2.63422846041915,4,21.1890410958904
384,-6.42758039203853,10.2435448929934,6,38.8821917808219
385,-6.60489432362455,1.02362045640333,2,9.32054794520548
386,-6.12287110619187,8.25830241746203,8,63.8109589041096
387,-6.45689607778342,2.39260984736265,2,7.66301369863014
388,-7.35784977636451,1.44114293626981,2,16.8438356164384
389,-6.17809291155471,3.50370225736021,3,9.27945205479452
390,-6.58369057173195,5.46784492051132,3,7.85205479452055
391,-6.18564800994552,3.84146098129555,4,15.8712328767123
392,-6.56988965260965,2.72776756360852,6,67.7753424657534
393,-6.26792965300323,3.36835824312738,5,28.3424657534247
394,-6.57276884441091,2.0360872566165,3,11.2630136986301
395,-6.15338802380719,5.59682526037949,4,10.4684931506849
396,-6.09174356401163,0.388033599143558,2,8.22465753424657
397,-6.30077542993353,1.65940497879329,5,97.9808219178082
398,-6.56169353010081,3.6608223602381,5,38.0986301369863
399,-6.26849423692078,5.85754399847843,8,71.9945205479452
400,-6.09314335896153,2.23864838459204,3,16.5287671232877
401,-6.3662480330869,1.0645468421206,2,9.19178082191781
402,-6.1344181916977,1.19386199495412,3,87.8493150684932
403,-6.32197072938961,4.8534998689933,3,7.21917808219178
404,-6.13013807382272,1.35850775831023,2,5.27671232876712
405,-6.22599220014556,1.59562852364967,3,24.8027397260274
406,-6.27310652943206,1.08339557062006,3,70.1835616438356
407,-6.7957597049724,1.11418381615944,2,25.841095890411
408,-6.29220357710903,1.45320754567054,2,7.9041095890411
409,-8.16465364659724,2.70326322803505,3,29.8383561643836
410,-6.19111998521409,3.34693589633239,4,18.9561643835616
411,-7.2886770241108,5.54409716998017,2,7.32876712328767
412,-6.37383821722919,2.31668351039346,7,79.1643835616438
413,-6.08637288831087,3.62080345713587,7,40.6958904109589
414,-6.1207168049621,2.55701082150531,2,7.06849315068493
415,-6.13377087967532,3.16971109817631,4,9.27397260273973
416,-7.43079714684297,4.50735526235263,4,18.5369863013699
417,-6.19613463802365,6.24600249874192,2,5.67397260273973
418,-6.09626389953315,5.32891878489494,4,16.4684931506849
419,-6.96758793638291,0.916409665238451,2,42.9232876712329
420,-7.50178576465802,2.98150467715686,5,78.2630136986301
421,-6.23077242943838,3.84336023255146,7,56.9178082191781
422,-6.14467209111262,5.38594595004262,2,4.84931506849315
423,-6.17924108771451,2.78018591490304,3,8.72602739726027
424,-6.10110272223272,5.86678410720861,9,85.0301369863014
425,-6.14457781910529,1.88482325668188,4,39.9424657534247
426,-6.36138918591858,3.4932299638003,6,52.2082191780822
427,-6.11445335492032,0.654686971306478,2,7.45205479452055
428,-6.17148176818515,2.91461001198011,4,16.8301369863014
429,-6.34064461671062,2.41627598878763,4,20.9698630136986
430,-6.7798750938531,3.17168814484797,5,48.4767123287671
431,-7.02017430098367,4.65904484838375,3,9.02191780821918
432,-6.08601839852337,4.58277548550132,7,54.9342465753425
433,-6.13462595051883,2.79023241549307,7,46.8849315068493
434,-6.46886014983217,2.23750534233102,5,63.9643835616438
435,-6.36809757860144,1.75894043623763,3,22.9260273972603
436,-6.27095327067286,3.77494279243234,8,76.0849315068493
437,-6.6018731022193,5.76997049647882,3,8.21643835616438
438,-6.99019723686483,4.03907715419817,2,8.19178082191781
439,-6.64576821988034,4.02601910389171,2,7.34794520547945
440,-6.81687025058643,2.62653546556317,5,60.0794520547945
441,-6.22553084407775,2.18621238020399,3,9.18082191780822
442,-6.08567709125361,3.28514568051916,4,10.6465753424658
443,-6.31668695312239,5.15048349592387,8,61.1232876712329
444,-6.69882605991528,2.36067839970623,5,67.7890410958904
445,-7.25692011356824,3.24593522777156,4,43.586301369863
446,-6.54880455324975,2.68204518537313,3,9.66301369863014
447,-6.58275093623316,3.84907676443943,2,6.8958904109589
448,-6.85547654070313,4.10766389755989,3,9.24109589041096
449,-6.18977635083203,2.28803797228879,4,35.4931506849315
450,-6.13252122231301,4.54044293015388,9,81.8
451,-6.49151587777195,3.83077219328963,6,60.3479452054795
452,-6.32486372478142,3.46544902993556,6,42.4054794520548
453,-6.08139003368226,5.11520199275803,3,6.15890410958904
454,-6.8454640688854,2.75280558694892,5,43.5835616438356
455,-7.29202634253317,2.8756993191882,3,22.0849315068493
456,-6.81183524043741,3.60491255735677,2,7.74520547945205
457,-6.23044009002249,2.0190328934148,3,18.8575342465753
458,-6.30281576936871,4.65723316718088,8,81.2821917808219
459,-6.25747849036112,1.56238940642937,4,33.6383561643836
460,-6.12092128435047,4.14507341562795,5,25.572602739726
461,-6.3610256012939,2.6715219655753,5,48.5561643835616
462,-6.32056819999802,0.918141438884737,2,12.4520547945205
463,-6.43893648026831,4.04677152610571,7,57.9753424657534
464,-6.73124216432665,5.8793430920945,5,30.3150684931507
465,-6.09956142865647,2.43714983408199,8,82.9534246575343
466,-6.3442170557803,2.127719102603,6,91.654794520548
467,-6.60172034621529,2.22822068468817,5,71.7342465753425
468,-6.97439013400549,5.56776739131636,2,6.21917808219178
469,-6.2956413705299,3.81913568766683,3,8.44383561643836
470,-6.39803411058832,1.30728680037088,2,8.8027397260274
471,-6.23441506595158,3.76801441759723,8,86.0986301369863
472,-6.29228157740949,0.90365435465062,2,6.71780821917808
473,-6.10669130723,6.89277957589118,11,96.986301369863
474,-6.49591006138746,2.18471806732119,5,63.1150684931507
475,-6.23032578442018,1.60044628035087,5,95.6109589041096
476,-6.25770655496802,2.3848556388479,3,8.87945205479452
477,-6.62301857777945,1.86660551247954,2,9.1972602739726
478,-6.17561000640318,6.17065159886764,5,19.6027397260274
479,-6.58963235633555,7.68425700367039,5,29.1452054794521
480,-6.80088816647857,5.48709371907446,6,48.7643835616438
481,-6.65005210349069,2.40346695489928,4,40.9835616438356
482,-6.20475249679799,8.34394319300645,9,89.1698630136986
483,-6.57567114095531,5.96319783071149,8,89.1123287671233
484,-6.26629270153211,3.73040313161687,6,47.5506849315069
485,-6.21801281615981,1.98344422376172,5,76.2986301369863
486,-6.11077303435779,1.82290201412996,2,5.6027397260274
487,-6.22091332681315,1.39009606509583,6,96.7479452054794
488,-6.45440480112911,2.76654353149216,2,7.88493150684932
489,-6.25057487030999,1.3492706601621,3,60.1068493150685
490,-6.10029083719109,3.1704224020727,3,8.01917808219178
491,-6.16398989712617,6.91544891955394,5,16.8904109589041
492,-6.17450546867437,1.90574772878458,2,7.06575342465753
493,-6.67588760720897,0.978790337293083,2,28.8630136986301
494,-6.11123213437463,5.40947335890311,9,98.986301369863
495,-6.28882324787292,2.77463941910639,4,22.9561643835616
496,-6.24958826932275,2.95439445482009,5,37.2547945205479
497,-6.28148924026767,3.73072209840431,6,61.7917808219178
498,-6.20174882324825,2.05534246844439,6,69.2219178082192
499,-6.10583977728019,2.06820283508941,3,8.28219178082192
500,-6.18918351144114,2.7790886189992,7,85.7616438356164
501,-6.15942498816875,2.01350181692071,2,7.67397260273973
502,-6.26998419110325,8.29518735874198,3,5.85479452054795
503,-6.29400648413597,2.33555855568103,5,48.5205479452055
504,-6.12410337698937,11.1507525812345,3,6.43013698630137
505,-6.78059177485704,1.81017696014926,3,32.2904109589041
506,-6.22432158645348,2.77737330428608,7,73.186301369863
507,-6.09207662392777,2.30979434300483,6,62.3232876712329
508,-6.61235018873349,1.31521950402953,2,8.99452054794521
509,-6.08392185052782,1.25433017439434,2,8.09315068493151
510,-6.83685405150666,4.73391504480366,6,66.1972602739726
511,-6.28280104476939,1.45705835725237,2,7.86301369863014
512,-6.88965993124831,3.97639694531593,3,11.186301369863
513,-6.54434564476626,3.67964994362907,3,8.62739726027397
514,-7.11282288397119,2.0876094796426,4,58.0191780821918
515,-6.08271875222223,1.93320277553249,3,9.53424657534247
516,-6.20445216479771,0.789075532140584,2,9.31232876712329
517,-6.32862046711506,2.0985802421716,3,10.2356164383562
518,-6.18734137859101,0.930937321063688,2,8.48493150684932
519,-6.18097076282296,2.16861459006964,4,31.6383561643836
520,-6.31173830617345,2.23392574476257,3,14.5616438356164
521,-6.1261396475017,2.85572747970342,6,55.5643835616438
522,-6.15281820843525,7.10191500921482,3,6.18356164383562
523,-7.38324118418989,5.5676845283434,5,46.7369863013699
524,-6.19973459076981,2.01248505614789,2,7.58082191780822
525,-6.41348745746988,4.42285034462932,7,70.4575342465754
526,-6.24417435604782,0.724417790881683,2,9.19452054794521
527,-6.29817009056631,2.95963349626828,5,32.9315068493151
528,-6.25529435201116,0.952895798296922,2,7.27945205479452
529,-6.37712660064318,1.8405195665007,3,19.3287671232877
530,-6.10430216563634,2.46346003646484,7,66.2931506849315
531,-6.65127643049446,4.86891569574816,7,69.8767123287671
532,-6.46179220440023,2.03258322796299,3,17.5616438356164
533,-6.14368999569772,5.74763035550284,4,9.01917808219178
534,-6.14095923610719,2.63337033190551,8,90.0438356164384
535,-7.11134391702658,3.05718963500869,4,34.5506849315068
536,-6.46111936263109,4.06705159485573,7,73.6958904109589
537,-6.15722953138924,3.09884217328773,8,98.772602739726
538,-6.44492046789446,2.89601502343909,5,39.1835616438356
539,-6.20399578832071,4.38910500696372,6,44.2904109589041
540,-6.32826944237365,1.88159573924567,5,78.8
541,-6.14786576266554,5.92567188008112,4,10.8438356164384
542,-6.16106158535004,3.90278161638328,4,15.0493150684932
543,-6.17708335866933,1.58155934683529,3,15.8054794520548
544,-6.09678234832017,4.64128290860253,7,43.4876712328767
545,-6.2784680626949,2.45615931982404,5,34.8904109589041
546,-6.11234878244487,7.17932693798517,3,6.81095890410959
547,-7.52797805177626,3.72871224553509,3,19.8958904109589
548,-6.42049717451125,5.15739632574274,4,17.4547945205479
549,-6.35799003556394,4.12262020782861,3,7.18630136986301
550,-6.15074527957996,2.53459223406708,7,99.1780821917808
551,-6.30466664529975,2.26118097105574,5,59.0876712328767
552,-6.37998793829908,3.5057241981331,3,7.76164383561644
553,-6.26181122696271,3.00121233880885,7,76.0082191780822
554,-6.13084959788881,2.61037574696081,3,9.13150684931507
555,-6.13463030501353,3.53743571784918,3,5.76164383561644
556,-6.17308593192678,3.0729573263822,6,51.9780821917808
557,-6.44314822252183,2.53629381514647,3,12.8876712328767
558,-6.16699911731191,4.67229898013166,8,58.5342465753425
559,-8.97532885763587,3.63060649575676,4,93.627397260274
560,-6.45030468455381,4.07018456743251,3,8.83561643835616
561,-6.11518265685586,3.48156251079322,9,93.6739726027397
562,-6.16875792271374,5.81986209948816,6,39.3260273972603
563,-6.12808707178842,5.4628668821236,4,12.5917808219178
564,-6.09969849334634,1.64268284875498,4,67.9534246575342
565,-6.49691533691416,6.52991639160503,6,37.441095890411
566,-6.08419041728719,2.37684832892682,2,6.54246575342466
567,-6.16209246897957,1.31500477707143,5,67.6219178082192
568,-6.37248683554802,4.90342245402201,4,9.2
569,-6.08289019943232,2.18117619633904,6,72.6082191780822
570,-7.23785598530632,4.99508358901405,4,26.4794520547945
571,-6.41688498649062,6.32156844524811,4,16.1452054794521
572,-6.13998070096005,3.03789418918186,2,5.61643835616438
573,-6.21167849356176,1.88306896463884,2,7.41643835616438
574,-6.45525819066782,2.20287207696213,5,45.841095890411
575,-6.98117805091039,3.69498533173097,6,80.172602739726
576,-6.5105345032795,2.88214764574192,3,8.28493150684932
577,-6.13283628580084,4.56002780019238,6,36.9178082191781
578,-6.95764356220286,2.44184110638451,5,68.9643835616438
579,-6.85398475731572,3.12442174618742,7,98.8602739726028
580,-6.24088073818708,4.01189802219324,2,5.59178082191781
581,-6.29403864778972,1.30795001487195,2,8.32328767123288
582,-6.20176881733449,0.822871209240834,2,9.40821917808219
583,-6.67136754173045,4.5771712708028,8,92.4684931506849
584,-6.19706202828612,6.38676290963601,9,93.1780821917808
585,-6.70770801585023,5.73549091076361,2,5.84383561643836
586,-6.61762149370921,2.6822642992006,6,77.6931506849315
587,-6.65467563706481,4.89695245279075,7,95.9068493150685
588,-6.44311856722667,1.73752307439969,5,79.1753424657534
589,-7.14437479013318,3.31038473425386,6,95.0630136986301
590,-6.53511997375794,2.93403730781205,2,7.31232876712329
591,-6.64516998994595,3.34934419874049,7,99.5178082191781
592,-6.24380456439704,4.22794177944415,7,45.1205479452055
593,-7.32856848336374,4.30348928894782,2,7.38904109589041
594,-6.14007854253413,3.82641153707717,7,44.7287671232877
595,-6.4690843064137,6.01038199675401,7,52.6986301369863
596,-6.18312079000846,1.50659619180903,2,6.25205479452055
597,-6.22910777679339,6.4442283257215,9,99.0328767123288
598,-6.17096644083168,2.86842899254036,2,6.37534246575343
599,-6.47427732996011,4.65561728795279,2,5.91232876712329
600,-6.90166893874694,7.57442135975341,6,33.7506849315069
601,-6.12346623877045,4.24936287846857,4,14.7835616438356
602,-6.34887951914378,2.91630464354535,4,15.3150684931507
603,-6.08203305770721,4.63286839975538,8,66.4356164383562
604,-6.55604443013354,2.08827226188873,5,79.7260273972603
605,-6.08142451070715,4.42518349096241,7,58.972602739726
606,-6.29831779118852,5.05505391993146,4,17.3534246575342
607,-6.31568838117536,3.26564570008059,4,14.227397260274
608,-6.4670719115981,2.81969199128917,6,68.7150684931507
609,-6.63374153646357,4.37036177701891,7,84.8712328767123
610,-6.15955759310928,5.05310548121016,4,7.62465753424658
611,-6.18400529822496,5.57336081379821,3,7.31780821917808
612,-6.42778337690471,2.79995033201578,2,6.59178082191781
613,-6.15138080961783,3.17057945339549,7,58.5945205479452
614,-6.18083985771643,2.46920966362757,4,28.8219178082192
615,-6.18722082099122,3.49138371562117,7,68.3643835616438
616,-6.51816887792103,2.78019643304503,5,54.0246575342466
617,-6.47140845689022,4.69860873094375,3,8.09041095890411
618,-6.239976587747,4.57485079365927,5,19.5808219178082
619,-6.22483844803544,2.20673503407305,6,85.1753424657534
620,-6.30573964503194,5.98005337763511,6,32.8356164383562
621,-7.41136960335068,3.63837758869953,2,6.67397260273973
622,-7.40012768684076,2.94315188250622,4,40.4904109589041
623,-6.33976040554097,1.97737065002297,3,20.7424657534247
624,-6.1089184033781,4.43685093394529,6,31.5616438356164
625,-6.69933123733789,1.81944684295775,5,94.3917808219178
626,-6.25206727265246,1.09624216206584,2,8.73972602739726
627,-6.31107898140692,1.51623723003862,4,53.3835616438356
628,-6.86621885995191,2.52642772736612,4,37.8876712328767
629,-6.10264849815739,3.30847874904238,5,32.3095890410959
630,-6.32947814447611,2.74917966861129,3,8.75068493150685
631,-6.28271113128555,4.93310713978485,8,62.5534246575342
632,-6.88773766071813,5.85153619661363,5,31.4520547945205
633,-6.11188289929677,4.35714175792792,3,7.67945205479452
634,-6.19371095067162,4.55049908859053,6,34.4931506849315
635,-7.05478964615651,3.91425998976586,5,60.9561643835616
636,-6.09825503619809,4.98993820207885,3,7.08219178082192
637,-6.43973500467906,1.97863540002756,4,46.2958904109589
638,-6.93473744783935,3.72426807026438,6,68.3397260273973
639,-6.61817129210618,2.58554495235905,5,58.8356164383562
640,-6.13968190341663,4.67419069033807,6,36.6657534246575
641,-6.45718004059021,3.18285693056072,2,6.93150684931507
642,-6.66676760785998,3.53313165776596,3,9.13698630136986
643,-6.37100878942215,1.70512349994097,2,7.27123287671233
644,-6.30690937140526,4.84256234222965,7,52.5479452054795
645,-6.09269317769998,5.36693092790011,8,76.9260273972603
646,-7.04248761573504,2.32516171740868,2,6.51232876712329
647,-6.61259256787273,0.829535552309726,2,9.96712328767123
648,-7.51198524016732,3.67120230086989,4,36.3452054794521
649,-6.2436794384882,2.48357667836273,6,67.2684931506849
650,-6.35906681806228,3.18917259837944,4,22.372602739726
651,-6.38401109023976,3.56971135292004,7,78.2712328767123
652,-6.83932680386541,2.50763228800712,5,48.1342465753425
653,-6.18134121685996,3.59409012998505,8,78.4219178082192
654,-6.09175240821155,4.37162424715081,4,14.5342465753425
655,-6.14165575755357,4.72969107953737,6,16.9424657534247
656,-6.15499500892583,3.51763277515382,5,37.0602739726027
657,-6.54358453779385,1.53783315073233,3,38.6328767123288
658,-6.43346314935712,6.03595764700081,4,13.3780821917808
659,-6.80196932227345,2.94508631003754,3,18.7424657534247
660,-7.2833384816459,6.79667161697496,5,51.4739726027397
661,-6.88889336475609,3.81796548214182,4,30.8876712328767
662,-6.58593576502469,5.39294582487828,6,44.4356164383562
663,-6.16477676522005,2.65168458537271,2,6.59452054794521
664,-6.7025876160434,2.7989197686404,4,29.9095890410959
665,-6.58395128025174,7.67357604913204,6,41.5287671232877
666,-6.1140624775511,3.3320237672449,7,65.9013698630137
667,-6.21273860270808,2.34769143617026,6,57.5068493150685
668,-7.08301361891159,2.18135967713482,3,22.8164383561644
669,-7.08664263098495,5.64888414684717,3,10.2082191780822
670,-6.9729013257963,1.00436840952194,2,17.6438356164384
671,-6.78869982194478,2.36742105767304,5,77.8109589041096
672,-6.24842612367569,1.21796587353202,2,8.74794520547945
673,-6.24896895199213,4.70959329209508,2,5.13972602739726
674,-6.09220744059653,7.15354183988536,3,6.1041095890411
675,-6.17742523231714,4.27315975680527,5,22.5698630136986
676,-6.1168565912722,0.53499799117039,2,7.46027397260274
677,-6.3798438639159,0.896744641464654,2,8.64657534246575
678,-6.41292345873072,0.213519290386976,2,15.0493150684932
679,-6.20040759914452,2.88881984337228,7,81.3150684931507
680,-6.3787459534925,4.05047950549273,7,70.4383561643836
681,-6.27689616002584,4.04311640634574,7,57.4356164383562
682,-6.20502031842381,4.41933153675313,5,23.2054794520548
683,-6.84945685991978,0.757777842661408,2,15.4657534246575
684,-6.13585469089149,4.36491168959761,3,6.4
685,-6.92144046846307,2.3565005627125,5,81.9972602739726
686,-7.52949453618908,1.65712733583449,2,10.4602739726027
687,-6.55615656405176,2.64561246880611,7,99.2328767123288
688,-6.9879856066385,4.49422118538853,2,6.46575342465753
689,-6.09799641351784,2.29678006709087,2,6.80547945205479
690,-6.15058816525254,3.74764645648394,8,73.0465753424658
691,-6.63956008684641,3.2383585853018,6,55.627397260274
692,-7.24376368701896,2.81115567946503,4,50.4958904109589
693,-6.15398709204219,2.67900364459592,6,51.8794520547945
694,-6.26469156255238,1.63351426549822,4,45.0684931506849
695,-6.08564140421663,1.65395688674325,2,6.77808219178082
696,-6.3277828388706,5.20002207649314,8,94.6630136986301
697,-6.10034792554299,2.05859366722872,4,24.213698630137
698,-6.86248309330899,3.14482225687217,2,7.14246575342466
699,-6.2991027888036,2.16782502618867,4,26.6109589041096
700,-6.73952283932318,1.85380747082282,4,34.4876712328767
701,-6.27152008836101,2.36714082473948,4,27.4383561643836
702,-6.1548691831725,1.18268293137516,3,38.3753424657534
703,-9.47703122561873,2.71077122907091,2,36.4109589041096
704,-6.25882671104435,2.57617391813342,7,95.6958904109589
705,-6.09686290423072,4.03986627562495,5,20.9698630136986
706,-6.14868678284832,3.68664348535858,4,17.7835616438356
707,-6.26929436202103,2.13404782788165,3,11.9890410958904
708,-6.14406947354673,4.17732534149061,3,6.43013698630137
709,-6.23688116034265,1.92555590681551,4,44.8191780821918
710,-6.41149883002673,3.14176280415123,3,11.3260273972603
711,-7.75463587639415,1.61609499894413,2,11.8027397260274
712,-6.32821314802305,5.9675490201279,2,5.34246575342466
713,-6.1020419504897,2.13439281437329,2,6.93972602739726
714,-6.19096848048925,4.71271444342924,2,5.65205479452055
715,-6.50857364421915,7.09345736702965,2,5.21643835616438
716,-6.41124980843407,3.77225372490015,7,84.1945205479452
717,-6.40556827291777,4.33256377629249,8,91.758904109589
718,-6.26491842548081,2.5243753862028,4,24.4849315068493
719,-6.46468090751391,1.8491814009329,5,51.7753424657534
720,-6.18285763695697,6.21620593887442,4,10.5671232876712
721,-6.12998586149934,4.96806251198593,9,90.5287671232877
722,-6.30424306867133,11.9999840358929,10,78.6575342465753
723,-6.27670094809534,2.01394862663092,3,9.44657534246575
724,-6.24033990162442,6.40796564231237,3,6.09315068493151
725,-6.26501895259788,4.08818829833247,4,12.5534246575342
726,-6.77381965936044,3.19742806711934,4,30.9534246575342
727,-6.26233090507368,1.52870064020099,5,75.0958904109589
728,-6.08961600730933,5.09311135529145,3,6.98356164383562
729,-6.57634112381677,1.98169935778445,3,21.372602739726
730,-6.08214959564246,4.31494611011614,2,4.96712328767123
731,-7.33421917967572,5.24923364791086,4,27.5205479452055
732,-6.66227181831269,7.7456551673305,3,7.26849315068493
733,-6.46788541373729,3.92840153270814,7,70.2876712328767
734,-6.15106632826945,2.67742954518153,2,6.77260273972603
735,-6.08490916165403,2.96821962513215,5,32.7643835616438
736,-6.15024872597367,3.37318126998091,3,8.37808219178082
737,-6.16146673008833,2.94976192028209,7,68.041095890411
738,-6.21991537823074,4.19130107740538,4,13.1780821917808
739,-7.87209199861207,7.2453754374149,2,6.91232876712329
740,-6.16353466665107,1.78410915804933,5,83.0219178082192
741,-6.62980426307642,2.52351955151728,3,12.3506849315069
742,-6.26682504105125,3.15247678085657,3,9.95890410958904
743,-6.40997553262947,3.21953871147371,2,5.97534246575342
744,-6.36793755460162,2.53914074514909,5,60.613698630137
745,-6.1040504074208,3.38988468052993,2,5.5972602739726
746,-6.44440690254242,2.87579506900484,3,9.75068493150685
747,-7.20244344904811,6.68940232289366,6,56.4164383561644
748,-6.18784536477003,5.31632614828392,4,15.3753424657534
749,-6.31177660958722,1.94509778233759,4,46.0931506849315
750,-6.12290351012112,3.88865997898626,2,5.93150684931507
751,-6.77021399254284,1.40487836201885,3,55.5369863013699
752,-6.08637478806739,7.16801547651942,9,92.7260273972603
753,-6.21819666125227,5.17382559376544,6,44.1643835616438
754,-6.40203602065099,1.8650236867168,2,6.96986301369863
755,-6.86461683704717,2.18393048705727,4,43.7205479452055
756,-6.10379491454965,4.66456343284414,10,94.7150684931507
757,-6.26337981793375,3.1951960253235,3,6.98356164383562
758,-6.54083704069924,2.41310398433076,4,46.4054794520548
759,-6.55237550978907,3.80915855832868,7,72.3232876712329
760,-6.33772747258036,2.76465579318949,2,7.0958904109589
761,-6.22058322967625,3.07281724006353,7,74.3561643835617
762,-6.19662605020189,3.48058759275428,3,7.1041095890411
763,-6.18890993311993,4.52067505656613,4,14.9808219178082
764,-7.23535109498689,2.94802591891651,3,24.3452054794521
765,-7.00333371562114,1.59632326633355,2,9.73972602739726
766,-6.33916668867695,2.56628408026607,5,37.9945205479452
767,-6.19548993361209,8.33224302262698,2,5.55342465753425
768,-6.33510919926768,7.27677677791864,4,14.8712328767123
769,-6.69291237882716,4.3874451905117,7,76.7068493150685
770,-6.20477368372063,5.33356524558047,3,6.38630136986301
771,-6.08372621485749,1.95047854077283,3,9.81369863013699
772,-6.603523280744,2.88838839667199,5,55.3835616438356
773,-6.10233006669249,6.50055286550411,5,18.6767123287671
774,-6.3052136919023,0.421587404580611,2,8.50684931506849
775,-8.67367157486585,6.46360462418671,5,72.1945205479452
776,-6.43402559113473,3.73345627187913,7,71.3205479452055
777,-6.73768834564263,5.13713687349757,5,21.6849315068493
778,-6.11898988548478,2.93807493182054,6,57.2493150684931
779,-6.46541064261241,8.80915224088241,4,8.78082191780822
780,-6.18774235891863,2.91186659128619,2,6.47671232876712
781,-6.16215689486188,4.44048616488557,7,59.1041095890411
782,-6.50657802208249,2.35441389586911,3,11.6767123287671
783,-7.39511391938389,3.34590316768749,2,8.30684931506849
784,-7.29482051472693,3.69654559556579,3,13.1041095890411
785,-6.16523400769043,2.78344196227205,6,58.3780821917808
786,-6.44377097105446,3.82495496765479,3,7.58904109589041
787,-7.43239735269081,3.15448017012554,2,6.74794520547945
788,-6.28231792368762,4.85972062713505,8,80.7369863013699
789,-6.29990465637918,4.29759484641518,2,5.8
790,-6.09360730519948,6.46691624217535,2,6.11232876712329
791,-6.40253334932695,2.20858648002418,6,94.545205479452
792,-6.17280582459903,2.44492970848032,7,63.1424657534247
793,-6.64585054369051,0.980661929273909,2,9.35890410958904
794,-7.31528330520051,3.7567447670574,3,10.5369863013699
795,-6.26181497752177,2.43973764245556,3,9.20821917808219
796,-6.08184029108483,3.87070886467865,5,22.6904109589041
797,-6.57228070208425,2.47711305425036,4,35.1671232876712
798,-6.99232805058803,3.97737918760509,3,12.6602739726027
799,-6.4984623032927,4.37616067094061,4,15.4219178082192
800,-6.54078027780677,2.61860980780178,5,49.372602739726
801,-6.72961145813512,4.32662209584082,4,23.8082191780822
802,-7.12552041985721,3.20248044200198,2,7.82739726027397
803,-6.25489010416527,2.21367397125721,3,18.2356164383562
804,-6.17666333865482,1.85813853540083,4,32.6438356164384
805,-6.1623242893391,1.93005255068903,5,60.3972602739726
806,-6.81666530350012,3.40245360768946,3,12.0356164383562
807,-6.85119224293235,4.11963083414686,3,11.9260273972603
808,-6.52194903035028,4.27115369791286,3,9.2958904109589
809,-7.05609036687155,4.09898758364069,5,42.9232876712329
810,-6.25634538360415,6.09899654318687,4,10.1890410958904
811,-6.15572261221465,0.750666485086913,2,8.19452054794521
812,-6.10226816611943,1.72265125584117,6,96.3342465753425
813,-6.47434635766046,3.51740377745228,5,34.0684931506849
814,-6.12340221836806,3.17786890733048,8,96.186301369863
815,-6.19575210768872,2.54272675599079,2,6.43835616438356
816,-7.04980248211741,3.64500058393277,6,76.5808219178082
817,-7.97725592802104,5.73081441442423,3,10.2575342465753
818,-6.23877247903089,2.32749120229687,2,7.0027397260274
819,-6.70174200332638,4.19420298757346,7,70.213698630137
820,-6.37458021060939,1.56784830516578,3,26.7013698630137
821,-6.29766609261016,6.42911454209351,6,32.7780821917808
822,-6.10510400970528,1.26168029387414,2,7.62191780821918
823,-6.12865799781606,7.12707381488102,6,35.9287671232877
824,-6.51998457086663,4.57998182963627,8,84.2684931506849
825,-6.3976375446067,2.632479508421,6,65.0383561643836
826,-6.48729544908022,7.07704679771631,6,42.0958904109589
827,-6.11907844411001,1.1302841167752,3,76.3917808219178
828,-6.21118962110116,4.86913222834784,2,5.23561643835616
829,-6.09877656724172,5.24664499862018,9,93.3506849315068
830,-7.08974379148177,3.41115961655642,2,7.67397260273973
831,-6.10157196925666,2.94380884961278,3,7.03013698630137
832,-6.1686335006316,2.37573214580629,2,7.11232876712329
833,-6.5404725648117,5.29766720456242,8,92.758904109589
834,-6.16485183363721,2.52885892331977,4,31.8684931506849
835,-6.6222237174715,5.04160882777629,4,15.1013698630137
836,-6.37198555430752,7.65286906631612,4,12.7808219178082
837,-6.40735541855302,2.9525206003817,7,89.3561643835617
838,-7.31621618331703,2.70831419187797,3,12.7671232876712
839,-6.42943855358021,1.3625312561364,2,7.95068493150685
840,-6.10336151327239,1.72244436802695,2,7.16986301369863
841,-6.11506245625395,2.66990167429002,6,53.8547945205479
842,-6.10718489084126,3.35191760944654,6,52.6493150684932
843,-6.61944253393057,2.11744346611035,4,38.5808219178082
844,-6.59659207041192,6.79582558686438,7,50.7068493150685
845,-6.14459175966094,4.42394645893155,5,21.8931506849315
846,-6.59566425481971,3.33954044972764,7,91.786301369863
847,-6.6333244561415,2.44179518829474,6,90.2931506849315
848,-6.20656435157574,2.9143786481355,7,82.6383561643836
849,-6.40404646994257,1.41035493076894,2,7.9041095890411
850,-6.87634019806621,3.18425650224745,5,61.041095890411
851,-6.39908530277364,2.08097135825472,2,6.12054794520548
852,-6.98819383479989,0.912612578327176,2,12.1260273972603
853,-6.3141122257158,2.09720156383596,5,57.6520547945206
854,-6.08501047991649,4.61206383590267,8,53.1232876712329
855,-6.5835037795066,3.44782983938852,2,6.08219178082192
856,-6.08770843782782,1.53198073984103,3,17.9616438356164
857,-6.2943812420187,4.67146660155662,3,6.96712328767123
858,-6.55803129275228,2.35090642826308,6,93.5890410958904
859,-6.58893589634624,0.450039944220626,2,16.4246575342466
860,-6.18014752285878,2.98976237779253,7,73.7123287671233
861,-7.1746720231642,2.0367433078375,3,26.7232876712329
862,-6.19018030699288,4.09011371397132,6,37.4630136986301
863,-6.31181706498014,4.87223427041097,4,9.5972602739726
864,-6.84592496866246,1.35287943365677,3,65.0821917808219
865,-6.56742640596339,4.92528071410907,7,69.5123287671233
866,-6.17854718574163,5.54527755212549,5,22.4739726027397
867,-6.46592207222537,3.6886053321699,5,44.813698630137
868,-6.13495536368628,5.34022840565341,7,50.4328767123288
869,-6.84951656301812,2.47976071795576,4,39.4465753424658
870,-6.67781850272625,-0.357839225954999,2,8.58356164383562
871,-6.81822289065711,4.50070057439278,5,32.2684931506849
872,-6.6296662652537,1.84797844085847,3,33.0082191780822
873,-6.37889343779277,2.2472061864391,4,31.8739726027397
874,-6.26159644982631,3.40074332558424,2,7.22191780821918
875,-6.28216728877948,2.7387353662143,2,6.96712328767123
876,-6.24227080805232,1.6720410874233,3,23.5369863013699
877,-6.32158579951782,2.58580325937207,2,6.82191780821918
878,-6.5132121977752,4.3605849900567,5,35.9753424657534
879,-6.11684178420092,5.85860334111048,2,6.13150684931507
880,-6.3643741675553,1.41717722418196,3,26.4931506849315
881,-7.1035533768749,5.60401140501801,4,28.4630136986301
882,-6.3952412801836,1.15005486396286,3,9.70684931506849
883,-6.15363520772557,4.03862578078615,2,6.31506849315069
884,-6.38134414107504,1.910927478918,4,55.5616438356164
885,-6.16516668270435,4.59280126604078,9,95.5232876712329
886,-6.91350612807436,1.30232715597261,3,13.0301369863014
887,-6.34780168438632,4.26931540370851,8,87.2301369863014
888,-7.23386063135692,3.22723914448168,5,51.772602739726
889,-6.25113091912772,2.55746410521861,4,27.2575342465753
890,-7.80592927808154,2.84005931004522,3,32.5315068493151
891,-6.94912807216747,3.60428435794356,5,54.9013698630137
892,-6.43151598386634,3.98068750506625,6,52.5068493150685
893,-6.30756289458076,2.96541286280638,7,60.7232876712329
894,-6.64026007451021,3.75250289946389,7,74.2520547945206
895,-6.25401421619349,2.90612933463281,4,23.4
896,-6.40714977325338,3.29948281515788,6,57.5698630136986
897,-6.50661694127516,3.58819533030237,5,35.8712328767123
898,-6.53750613237984,2.49535218160809,4,37.0246575342466
899,-6.38814955581325,3.79763630596183,5,33.1506849315069
900,-6.1118486036022,5.74919642049804,3,5.56986301369863
901,-6.55507093274383,3.61491609906829,7,71.8794520547945
902,-6.08968233778672,0.602429088411461,2,9.55890410958904
903,-6.09254142375627,3.84556155009912,9,93.5397260273973
904,-6.11024158160872,1.10755763439055,3,10.6520547945206
905,-6.32598771892822,0.875233588813622,2,8.55342465753425
906,-6.38242420591939,7.66560670413037,7,45.7369863013699
907,-6.13684173077604,1.88267202824282,5,67.4301369863014
908,-6.09080463929927,3.88887656644778,5,26.1178082191781
909,-6.52382659683468,1.823575622005,2,8.14520547945206
910,-6.1220741489644,2.2811724902967,6,51.6027397260274
911,-6.39512799981282,4.50903526195324,8,90.7287671232877
912,-6.24061101352188,2.22797396341618,3,12.1753424657534
913,-6.20938527447473,2.61203661340006,3,11.172602739726
914,-7.0697156844073,4.12012531178705,6,64.7780821917808
915,-6.70560134126141,7.5285135778694,7,59.7534246575343
916,-6.65076307574364,2.95433738480419,3,12.3095890410959
917,-6.1104706779914,6.21693737779799,7,31.6301369863014
918,-6.77414378327875,8.06134179214572,6,35.9287671232877
919,-6.33079405352331,7.54502553261209,5,25.5479452054794
920,-6.47494730953026,5.11515904534048,2,7.08219178082192
921,-6.10779790347322,3.02098611316714,5,30.1479452054795
922,-6.36873893610482,5.6522539067241,8,76.2438356164384
923,-6.46719227366076,4.35695199091264,7,57.6328767123288
924,-6.31316484847608,4.72189515430031,4,12.3671232876712
925,-6.86230665325201,2.31276577872118,3,19.4438356164384
926,-6.20896075936529,1.81208537338267,2,8.2958904109589
927,-6.41569742125929,5.13561078797717,7,66.8438356164384
928,-6.84864082057932,1.61095207139806,4,64.5890410958904
929,-6.26757015297678,3.67095490167661,8,77.3397260273973
930,-6.3022544110866,1.27677407111113,4,74.7287671232877
931,-6.92316035036527,2.47247418166469,2,7.76164383561644
932,-7.4483533981645,4.42048663870599,5,38.6438356164384
933,-6.36971241412349,2.77575295012423,3,9.73424657534247
934,-6.14654257155664,1.78928783524121,2,7.76164383561644
935,-6.30945761995373,4.51442858469568,7,66.1534246575342
936,-6.17276386719588,3.45617692614361,7,68.2630136986301
937,-6.0943074585235,3.04006834935597,5,37.5452054794521
938,-7.46171302424772,5.48438394281151,6,91.7178082191781
939,-6.28265587766678,1.36938688485644,2,8.24383561643836
940,-7.04762908758118,3.08566214958308,3,19.3178082191781
941,-6.70145205410417,2.77649587552942,3,12.5890410958904
942,-6.53358868467588,4.601256449449,4,17.7178082191781
943,-6.32272772849374,1.8337570892331,5,91.7561643835616
944,-6.3309005831241,1.42077122654278,3,44.3397260273973
945,-6.5261819832482,2.30604590187655,6,96.4849315068493
946,-6.38109723901843,3.35684522239568,5,41.2712328767123
947,-6.2847161791371,7.77868445007321,9,60.8082191780822
948,-6.19207004849548,3.68882141472655,5,31.7041095890411
949,-7.02146394625536,4.7620538259332,5,48.0082191780822
950,-6.50014073267872,2.59696314861613,3,8.04931506849315
951,-6.61044193593416,3.10557807201354,5,51.8301369863014
952,-6.1853593492679,2.78980336823948,2,6.70958904109589
953,-6.20198126864793,3.42777379928954,2,6.66849315068493
954,-6.50110550089559,3.65686246426783,6,61.772602739726
955,-6.25632964320443,2.90574547275015,6,55.227397260274
956,-6.61918221923018,7.22866574381724,8,72.2602739726027
957,-6.11187231634648,3.56524762329735,8,90.1068493150685
958,-6.22407128843199,1.74599126865088,4,49.3342465753425
959,-6.29660399036681,1.90658234802028,2,6.14520547945206
960,-6.27045672626607,3.97366503884107,2,6.52602739726027
961,-6.66482008739582,4.18010266367656,6,40.0739726027397
962,-6.13221610106077,0.336430600313907,2,10.5095890410959
963,-6.54932070005585,6.92378736970942,7,43.8986301369863
964,-6.42242325130833,2.07573222692096,4,46.6712328767123
965,-6.41850655749653,1.37448666455,2,8.64931506849315
966,-6.08610640041353,1.89757225175285,6,91.7753424657534
967,-6.1474488982085,2.01730519646409,2,6.29315068493151
968,-6.39617787051439,1.83669275524248,3,16.6164383561644
969,-6.60891160356336,1.12878961054526,2,9.14794520547945
970,-6.21421619853603,2.11488315729115,5,74.8493150684932
971,-6.43782550347715,11.4243132647003,2,5.15616438356164
972,-7.00777463630674,8.72387561018112,6,53.4383561643836
973,-6.27457000122661,3.26827385401041,5,35.4054794520548
974,-6.20748962553099,8.46654814885142,7,36.7808219178082
975,-6.83614331926831,7.37237942773107,3,6.96986301369863
976,-6.09103902247491,1.67432637822589,5,83.6246575342466
977,-6.24810388076074,0.729608063832073,2,18.9698630136986
978,-6.59236567909666,5.39098800515356,5,36.8958904109589
979,-6.25160857487823,2.62418676283284,2,6.1013698630137
980,-6.10055569739815,1.89262169598089,5,60.6054794520548
981,-6.10993460331316,1.51054046278942,3,12.1123287671233
982,-6.19945792023931,2.4351910404713,3,9.53972602739726
983,-6.48396863052479,5.32537179521698,7,65.7041095890411
984,-6.91524772227507,2.76299347980848,5,57.8219178082192
985,-6.19407345411789,5.35124119953993,3,7.55342465753425
986,-6.37836962956309,1.38579666512957,3,55.1205479452055
987,-6.3111100355089,5.30029984991192,6,46.0109589041096
988,-6.3245102454665,4.44429557083718,2,6.84657534246575
989,-6.57343384405355,1.84126640642863,4,60.7369863013699
990,-8.09837954570603,1.92826907095266,2,23.3780821917808
991,-6.57680129500594,4.36260133261928,2,6.84109589041096
992,-6.12552658998031,4.19347032350673,2,4.67123287671233
993,-6.19107359250746,3.87627404125999,8,71.1671232876712
994,-6.12523869172711,2.87268015640533,5,35.4
995,-6.31605547936401,2.17301781706133,4,33.6438356164384
996,-6.19306025389539,1.76218055821655,3,23.9013698630137
997,-6.23636022571218,2.99217085079603,6,64.5561643835617
998,-6.66311653167813,2.34492232536649,4,45.5424657534247
999,-6.33352813084107,1.84050164152001,3,18.3205479452055
1000,-7.00266548201045,2.38779432055592,4,55.054794520548
1001,-6.36722082759954,4.64860922050721,4,11.7452054794521
1002,-6.11051192807072,3.91411033889948,4,10.8
1003,-6.37089375228233,1.76112311117927,3,17.841095890411
1004,-6.58577860281384,1.09562618847994,3,51.9835616438356
1005,-6.43389130353889,5.02191519030535,8,89.6301369863014
1006,-6.44521689410597,2.14181347350429,3,14.9479452054795
1007,-6.4562268677002,3.49252798798335,2,6.24383561643836
1008,-6.12922832323028,0.877921707121983,2,7.34794520547945
1009,-6.77484956999188,6.10418668637186,7,86.2219178082192
1010,-6.40550316709499,0.815231752980956,2,9.08493150684932
1011,-6.18899071377977,5.81078654477954,7,59.8438356164384
1012,-6.18453361680686,6.0298152159635,2,3.95616438356164
1013,-6.1603005222043,3.1439846752671,5,27.3095890410959
1014,-6.97680862241871,2.54970988720344,3,21.9397260273973
1015,-6.79948184069029,1.97145549899216,2,6.60547945205479
1016,-6.1063655061792,2.49128251204061,4,33.0821917808219
1017,-6.14372977154434,4.08241239377893,8,86.2958904109589
1018,-6.38436430201023,5.3134660704664,5,32.3835616438356
1019,-6.55633670857643,5.18500507783511,3,7.76164383561644
1020,-6.34038786455476,2.81266666759468,2,7.75616438356164
1021,-6.3051167154066,2.05694635458929,6,90.1041095890411
1022,-6.18985691981528,2.46687452340457,2,7.23561643835616
1023,-6.18662593765759,5.36916591458618,6,40.9452054794521
1024,-7.16621045756081,3.53520734009724,5,56.2027397260274
1025,-6.23336257488826,6.17491255775079,6,46.3808219178082
1026,-6.09606424165422,3.81263534419323,6,42.5095890410959
1027,-6.18791028369904,4.48579053303392,4,9.4027397260274
1028,-6.18734645784875,2.23082180928387,6,70.7424657534247
1029,-6.32153486207603,3.69289822283679,5,33.7205479452055
1030,-6.86513830817843,4.80992025386134,4,23.413698630137
1031,-6.42830945981328,4.05173925677955,7,56.241095890411
1032,-6.08646614646485,3.5675303471753,3,7.36712328767123
1033,-6.42040675958294,2.696185285896,5,43.2054794520548
1034,-6.50267449056991,1.02243152514719,2,8.33424657534247
1035,-6.29606185650262,3.3794087319888,2,5.72054794520548
1036,-6.58343690251399,4.84327068365599,6,52.158904109589
1037,-6.45003938745387,0.452851530579759,2,12.7260273972603
1038,-6.13328639779354,2.98528724320933,6,47.3095890410959
1039,-6.12761885366735,7.86793547822919,7,41.0109589041096
1040,-6.24353347765099,3.38626024636867,6,51.2684931506849
1041,-6.87442967691144,2.11611345430595,2,7.45753424657534
1042,-6.81600124611623,2.31099726049478,4,51.4821917808219
1043,-6.14430986006881,3.09480544696953,7,63.3041095890411
1044,-6.55449721368434,2.29441101935003,2,7.42191780821918
1045,-6.88241272327866,3.0176898913235,7,87.4630136986301
1046,-6.52778058686254,1.79822474577442,5,94.241095890411
1047,-6.22713454852357,4.83797118774137,6,30.4164383561644
1048,-6.09835026026238,4.0695788743715,3,8.58630136986301
1049,-6.60494441040611,1.53716997227647,3,28.0547945205479
1050,-6.20226683393906,5.77750908441414,7,41.1178082191781
1051,-7.50363891679297,4.34617073009052,6,80.1589041095891
1052,-6.34843411999221,5.38121814155013,4,8.81643835616438
1053,-6.49451578027355,4.58140470172254,6,41.5315068493151
1054,-6.26291992079848,2.13312194439187,5,56.9150684931507
1055,-6.14670279303251,1.69008010343734,4,45.5178082191781
1056,-6.38195888688864,2.52341988698637,4,30.1835616438356
1057,-6.84890241071736,1.6653495076394,4,94.7232876712329
1058,-6.24420806466795,2.46011052591306,5,49.3232876712329
1059,-6.0990079737145,4.5098652216077,8,69.8821917808219
1060,-6.22218828883224,3.51284545682277,8,87.8767123287671
1061,-6.38215830236926,3.46787114444044,4,18.3945205479452
1062,-6.19139902625016,6.05199953693508,4,6.23287671232877
1063,-6.11251374857477,6.11263372227685,6,37.3506849315068
1064,-6.3976461288216,1.58178825740826,3,24.2630136986301
1065,-6.1548677393205,2.40589637587277,5,63.413698630137
1066,-6.13210897637049,3.58125893156847,3,8.06849315068493
1067,-6.10547306166196,6.12445076174469,9,60.7643835616438
1068,-6.21934768404623,1.68106078635119,2,7.78904109589041
1069,-6.10494797420102,7.58716971937606,7,41.8904109589041
1070,-6.20116662844583,4.77069907761647,8,76.8191780821918
1071,-6.28695753509635,4.2790891328966,6,35.5698630136986
1072,-6.36257635725625,4.02122226805324,4,22.0767123287671
1073,-6.19271429691523,1.52093730956776,5,88.1808219178082
1074,-6.23495191324779,6.30456626324854,5,16.6794520547945
1075,-6.32687446034959,2.885111557859,2,7.59178082191781
1076,-6.66464554047397,2.36641381297912,4,28.2958904109589
1077,-6.14250185023092,6.1810891425171,10,89.3095890410959
1078,-6.26955361011718,2.66566301716154,4,27.8684931506849
1079,-6.31255523055919,5.46456240227816,2,6.01369863013699
1080,-6.79092676502993,2.59272604953435,2,7.93150684931507
1081,-6.12633560792471,1.73817383247862,4,32.3616438356164
1082,-6.35513406598568,2.33679042969748,3,10.2082191780822
1083,-6.30573465750001,4.91841821956916,5,29.8657534246575
1084,-6.54844995723906,3.80670589690815,4,10.6712328767123
1085,-6.24578177709136,4.90249677051223,4,9.7013698630137
1086,-6.18928629794273,3.37581478868493,8,64.8575342465753
1087,-6.365733237014,1.32438113524989,4,86.7397260273973
1088,-6.62687975195764,4.56216875842973,2,6.56164383561644
1089,-6.49416496314679,5.85273104229392,4,19.8356164383562
1090,-7.02031710807175,3.60542887472863,4,25.9643835616438
